{
  "accuracy": [
    0.7396796941757202,
    0.7432889938354492,
    0.7478005886077881,
    0.7687796354293823,
    0.7958493232727051,
    0.8091585636138916,
    0.8229190111160278,
    0.8317166566848755,
    0.8380329608917236,
    0.8357771039009094,
    0.8405143022537231,
    0.8470561504364014,
    0.8502143025398254,
    0.8535979986190796,
    0.8567561507225037,
    0.8567561507225037,
    0.8614933490753174,
    0.866456151008606,
    0.8642002940177917,
    0.8632979989051819,
    0.8675840497016907,
    0.8723212480545044,
    0.8729979991912842,
    0.8752537965774536,
    0.877509593963623,
    0.8831490874290466,
    0.8799909949302673,
    0.8914955854415894,
    0.888788640499115,
    0.8975862860679626,
    0.9036769866943359,
    0.8939769864082336,
    0.8989397883415222,
    0.9016467332839966,
    0.9124746322631836
  ],
  "val_accuracy": [
    0.7432950139045715,
    0.7432950139045715,
    0.7535121440887451,
    0.8314176201820374,
    0.787994921207428,
    0.8122605085372925,
    0.826309084892273,
    0.8326947689056396,
    0.8416347503662109,
    0.8352490663528442,
    0.8429118990898132,
    0.853128969669342,
    0.8492975831031799,
    0.8556832671165466,
    0.8492975831031799,
    0.8582375645637512,
    0.860791802406311,
    0.8697317838668823,
    0.8633460998535156,
    0.8710089325904846,
    0.8799489140510559,
    0.8786717653274536,
    0.8786717653274536,
    0.8799489140510559,
    0.8748403787612915,
    0.86845463514328,
    0.8927202820777893,
    0.8991060256958008,
    0.9003831148147583,
    0.9003831148147583,
    0.8991060256958008,
    0.8939974308013916,
    0.9067688584327698,
    0.9029374122619629,
    0.9042145609855652
  ],
  "loss": [
    0.5757744908332825,
    0.54344642162323,
    0.5015081763267517,
    0.453691303730011,
    0.4152791500091553,
    0.3940916657447815,
    0.3703805208206177,
    0.3575679361820221,
    0.35007768869400024,
    0.3478237986564636,
    0.3392621576786041,
    0.33414486050605774,
    0.3263556957244873,
    0.320453941822052,
    0.3216921389102936,
    0.3087145686149597,
    0.3113967478275299,
    0.3005753457546234,
    0.30093714594841003,
    0.2896450161933899,
    0.2922840416431427,
    0.2838924527168274,
    0.27967196702957153,
    0.2802084982395172,
    0.27359166741371155,
    0.2641713619232178,
    0.2653263509273529,
    0.2564793527126312,
    0.25586459040641785,
    0.2468719631433487,
    0.2337406575679779,
    0.24397432804107666,
    0.23633131384849548,
    0.2368343323469162,
    0.22408494353294373
  ],
  "val_loss": [
    0.5453768372535706,
    0.5093313455581665,
    0.45680752396583557,
    0.4517100155353546,
    0.3985593616962433,
    0.37299486994743347,
    0.3593667447566986,
    0.35024958848953247,
    0.34326425194740295,
    0.3402981162071228,
    0.33342114090919495,
    0.3371526002883911,
    0.3263707160949707,
    0.3218095004558563,
    0.31994208693504333,
    0.31058812141418457,
    0.3087339699268341,
    0.301432341337204,
    0.29799070954322815,
    0.2917191684246063,
    0.2848784029483795,
    0.28276774287223816,
    0.2825254499912262,
    0.27460232377052307,
    0.27182239294052124,
    0.2762255370616913,
    0.2537609040737152,
    0.24815601110458374,
    0.24140669405460358,
    0.23455849289894104,
    0.22864516079425812,
    0.23951278626918793,
    0.21760769188404083,
    0.2361895740032196,
    0.21620012819766998
  ]
}